,,,,,,,,,,,,,,,,,,,,,,,,,,,,,,,,,,,,Total Units,Estimated Units,Total Inventory,Available for,,,
STATUS,TRAIT,MATURITY,PLF,1E,3B,4EX,6EX,8C,11C,13B,14AX,17EX,18E,19DX,22DX,28C,26B,30EX,29E,34B,31A,32BX,35C,37A,40AX,39EX,42A,43DX,44CX,45B,47A,49D,53D,55E,24EX,Ordered,Planned,3/4/2025,Sales,,,
New,AA,112,2754,,,,600,,,,,,,,,,,500,,,,,,300,,,800,,,,,,,150,,2350,2484,0,134,,,
New,DV,95,2206,,,,1800,,,,,,,,,,,,,,,,,,,,,,,,,,,,,1800,1695,0,-105,,,
Refuge,RR2/LL,113,1394,,,,,,,,,,,,,,,,,,,,,,,,,,,,,,,,,0,,14,14,,,
ILOP,CONV,118,2454,,,,101,,,,,,,,,,,,,,,,,,,,,,,,,,,,,101,0,101,0,,,
ILOP,CONV,107,2300,,,,106,,,,,,,,,,,,,,,,,,,,,,,,,,,,,106,0,106,0,,,
Refuge,RR2/LL,111,1395,,,,,,,,,,,,,,,,,,,,,,,,,,,,,,,,,0,,12,12,,,
ILOP,VT2P/ASR,113,1515,,,,200,,,150,,,,,,,,,,,,,,,,,,,,,,,,,,350,,1596,1246,,,
ILOP,V,112,1871,,,,336,,,,,,,,,,,,,,,,,,,,,,,,,,,,,336,,336,0,,,
New,SS/PRO/RHS,102,2740,,,,,,,,,,,,,,,700,,,,,,,,150,,,,,,,,150,,1000,1133,0,133,,,
ILOP,VT2P/ASR,,1514,,,,389,,,,,,,,,,,,,,,,,,,,,,,,,,,,,,,389,389,,,
New,TRE/ASR/RHS,117,2736,,,,,,,,,,,600,,,,,,,,,,,,,,,,,,,,,,600,584,0,-16,,,
ILOP/New,VT2P/RHS/ASR,116,2456,,,,,,,,,150,,1000,,,,,,,,,,,,,,,,,,,,,,1150,718,212,-220,,,
SE,TRE/ASR/RHS,,2749,,,,,,,,4000,,,,,,,,,,,,,,,,,,,,,,,,,4000,4176,0,176,,,
Refuge,RR2/ASR,110,1611,,,,50,,,,,,,,,,,,,,,,,,,,,,,,,,,,,50,,484,434,,,
Refuge,RR2/LL,111,1748,,,,,,,,,,,,,,,,,,,,,,,,,,,,,,,,,0,,13,13,,,
Refuge,RR2/ASR,107,1781,,,,,,,,,,,,,,,,,,,,,,,,,,,,,,,,,0,,547,547,,,
ILOP,V,118,2458,,,,572,,,,,,,,,,,237,,,,,,,,,,,,,,,,,,809,,809,0,,,
ILOP/New,D,114,2056,,,,3900,,,,,,,,,,,,,,,,,,,,,,,,,,,,,3900,4376,368,844,,,
SE,CONV,117,2433,,,,,,,,5000,,,,,,,,,,,,,,,,,,,,,,,,,5000,5348,0,348,,,
New,DV,95,2463,,,,1095,,,,,,,,,,,,,,,,,,,,,,,,,,,,,1095,1425,70,400,,,
SE,RR2,117,2434,,,,,,,,7000,,,,,,,,,,,,,,,,,,,,,,,,,7000,7161,0,161,,,
New,CONV,115,2450,,,,,,,,,,,,,120,,600,,,,,,,,1160,,,,,,,,,,1880,1881,0,1,,,
ILOP,AA,111,2179,,,,700,,,,,,,,,,,,,,,,,,,,,,,,,,,,,700,0,1895,1195,,,
Refuge,RR2/LL,115,2019,,,,,,,,,,,,,,,,,,,,,,,,,,,,,,,,,0,,1539,1539,,,
Refuge,RR2/LL,110,2031,,,,,,,,,,,,,,,,,,,,,,,,,,,,,,,,,0,,996,996,,,
New,CONV/ASR,116,2711,,,,,,,,,,,,,,,,,,,800,,,,,,700,,,,,,,,1500,1110,0,-390,,,
New,TRE/ASR/RHS,105,2183,,,,,,,,,,,,,,300,,,,,6000,,,,,,,,,,,,,,6300,7782,0,1482,,,
ILOP/New,SS,114,2431,,,,,,,,,,,,,,,,,400,,1000,,,,,,800,,,,,,,,2200,1720,626,146,,,
New,VT2P/RHS/ASR,115,2515,,,,,,,,,,,500,,,,,,,,3250,,,,,,,,,,,,,,3750,2338,0,-1413,,,
New,VT2P/RHS/ASR,115,2328,,,,,,,,,2160,,,,,,,,,,,,,,,,,,,,,,,,2160,2184,0,24,,,
New,SS/ASR,,2750,,,,,,,,2500,,,,,,,,,,,,,,,100,,,,,,,,,,2600,3279,0,679,,,
Refuge,RR2/LL,112,2153,,,,,,,,,,,,,,,,,,,,,,,,,,,,,,,,,0,,8,8,,,
Refuge,RR2/LL,104,2154,,,,,,,,,,,,,,,,,,,,,,,,,,,,,,,,,0,,304,304,,,
Refuge,RR2/LL,97,2155,,,,,,,,,,,,,,,,,,,,,,,,,,,,,,,,,0,,31,31,,,
New,CONV,91,2709,,,,,200,,,,,,,,,,,,,,,,200,,,,,,,,,,100,,500,490,0,-10,,,
ILOP/New,TRE/ASR/RHS,116,2432,,,,,,,,,,,,,,,,,,,9000,,,,,,14800,,,,,,,,23800,25162,566,1928,,,
New,TRE/ASR/RHS,114,2428,,,,1400,,,,,4700,,,,600,,1120,,300,,4000,,,1200,60,,3700,,,,,,,,17080,17375,0,295,,,
New,VT2P,114,1881,450,,,750,,,,,5000,,,,,,1500,,,,,,,,,,2000,,,,,,,,9700,13216,0,3516,,,
New,AA,109,2459,,,,800,,,,,,,,,,,,,,,,,,,,,,,,,,,,,800,1773,0,973,,,
New,V,112,2756,,,,500,,,,,,,,,,,,,,,,,,,,250,,,,,,,,,750,1047,0,297,,,
ILOP,V,116,2202,,,,1250,,,,,,,,,,,,,,,,,,,,,,,,,,,,,1250,,2396,1146,,,
New,CONV,104,2745,,,,,,600,100,,,,,,,,,,,,,,,,600,,,,,,,,,,1300,952,0,-348,,,
New,PWE,118,2523,,,,,,,,,,,500,,,400,400,,,,,,,500,,,,,,,,,,,1800,1995,0,195,,,
ILOP/New,AA,114,2296,,,,3100,,,,,,,,,,,,,,,,,,,,,,,,,,,,,3100,2480,744,124,,,
ILOP,PWE,107,2286,,,,350,,,100,,,,,,,,,,,,,,,,120,,,,,,,,,,570,0,633,63,,,
New,VT2P/RHS/ASR,112,2604,,,,,,,,,,,,,,,,,,,,,,,,,,2250,,,,,,,2250,2912,0,662,,,
SE,SS/ASR/RHS,,2751,,,,,,,,3000,,,,,,,,,,,,,,,,,,,,,,,,,3000,2709,0,-291,,,
New,VT2P/RHS/ASR,,2467,,,,,,,,2000,,,,,,,,,,,,,,,,,,,,,,,,,2000,2380,0,380,,,
New,DV,103,2291,,,,1515,,,,,,,,,,,,,,,,,,,,,,,,,,,,,1515,2047,0,532,,,
New,CONV,115,1519,,,,,,,200,,,,,,,,,,,,,,,,,,,,,,,,,,200,182,0,-18,,,
New,TRE/ASR/RHS,116,2460,,,,,,,,,800,,,,,,,,800,,,,,500,,,,,,,,,,,2100,2125,0,25,,,
New,CONV,110,2486,450,,,,,,,,,,,,,,,,,,,,,,,,,,,,,,,,450,442,0,-8,,,
New,V,110,2793,,,,800,,,,,,,,200,,,200,,,,,,,,,,,,,,,75,,,1275,1406,0,131,,,
New,V,109,2737,,,,,,,,,,,,,,,,,,,,,240,,300,800,,,,,,,,,1340,2055,0,715,,,
New,D,105,2288,,,,1600,300,,,,,,,,,,50,,,,,,300,,,,,,,,,700,,,2950,3544,0,594,,,
New,CONV,114,2447,,,,,,,,,250,400,,,,,,,,,,,,,1200,,,,,,,,,,1850,2332,0,482,,,
ILOP/New,CONV,101,2292,,,,900,,,,,,,,,,,,,,,,,,,,,,,,,,,,,900,944,117,161,,,
New,CONV,113,2544,,,,,,,,,,,,,,,,,,,,,180,,,,,,,,400,,,,580,850,0,270,,,
New,PWE,99,2702,,,,400,,,,,,,,,,,100,,,,,,240,,,,,,,,,,,,740,1380,0,640,,,
New,PWE,,2540,,,,,,,100,,,,,,,,,,,1800,1500,,,,700,,,,,,,,,,4100,5491,0,1391,,,
New,CONV,102,2686,,,,850,,,,,,,,,,,,,,,,,,,,,,,,,,,,,850,1233,0,383,,,
New,SS/PRO/RHS,111,2539,,,,,,,,,,,,,,,,,600,,,,,,,,,,,,,,,,600,810,0,210,,,
New,SS/PRO/RHS,116,2752,,,,,,,,,,,200,,,,,,,,,,,,,,,,,,,,,,200,469,0,269,,,
New,CONV,115,2213,,600,,,,,500,,,200,,,,,,200,,,,,,,60,,,,,300,,,,,1860,1790,0,-70,,,
Refuge,IRC/LRE,,2394,,,,,,,,,,,,,,,,,,,,,,,,,,,,,,,,,0,,182,182,,,
Refuge,IRC/LRE,,2395,,,,,,,,,,,,,,,,,,,,,,,,,,,,,,,,,0,,159,159,,,
Refuge,IRC/LRE,,2396,,,,,,,,,,,,,,,,,,,,,,,,,,,,,,,,,0,,47,47,,,
Refuge,IRC/LRE,,2397,,,,,,,,,,,,,,,,,,,,,,,,,,,,,,,,,0,,13,13,,,
New,CONV,95,2285,,,,2200,100,,,,,,,,,,,,,,,,,,,,,,,,,,,,2300,3124,0,824,,,
Refuge,IRC/LRE,,2413,,,,,,,,,,,,,,,,,,,,,,,,,,,,,,,,,0,,48,48,,,
ILOP/New,VT2P/RHS/ASR,115,2461,300,,,,,,,,,,,,600,,,,,,,,,,,,,,,,,,,,900,331,796,227,,,
New,V,91,2757,,,,,,,,,,,,,,,,,,,,,600,,,,,,,,,,150,,750,1242,0,492,,,
New,SS/PRO/RHS,107,2301,,,,,,,,,,,200,,,,,,,,,,,,,,,,,,,,,,200,464,0,264,,,
ILOP/New,GT/LL,91,2491,,,,,,,,,,,,,,,,,,,,,,,,,,,,,,,,,0,407,18,425,,,
New,D,111,2178,,,,520,,,200,,,,,,,,,300,,,,,,,,,,1000,,,,,,,2020,2258,0,238,,,
New,SS/PRO/RHS,115,2531,,,,,,,,,,,,,,,,,,,,,,,,,,,,,,,,,0,423,0,423,,,
New,VT2P/DG,,2072,,,,,,,,2000,,,,,,,,,,,,,,,,,,,,,,,,,2000,2332,0,332,,,
New,PWE,96,2332,,,,775,,,,,,,,,,,150,60,,,,,240,,400,,,,,,,,,,1625,2898,0,1273,,,
ILOP,VT2P/ASR,93,2165,,,,,,,,,,,,,,,,,,,,,,,,,,,,,,,,,0,,5187,5187,,,
New,SS/PRO/RHS,113,2449,,,,,,,,,,,,,,,,,600,,,,,,,,,,,,,,,,600,842,0,242,,,
New,CONV,111,2485,,,,,,,,,,,,,,,,,,,,,,,750,,,,,,,,,,750,999,0,249,,,
New,DV,113,2759,,,,,,,,,,,,,,,200,400,,,,,300,,,1,,1,,,,,,,902,1876,0,974,,,
ILOP/New,CONV,110,2453,,600,,,,,100,,,,,,,,,,,,,,,,1130,,,,,,,,,,1830,1930,78,867,,,
New,VT2P/ASR,115,1363,,,,,,,500,,400,,400,,,,,,,,,,,600,,,,,,,,,,,1900,2065,0,165,,,
New,PWE,104,2274,,,,800,,,,,,,,,,,,,,,,,240,,900,,,,,,,,,,1940,2421,0,481,,,
ILOP/New,AA,114,2444,,,,2000,200,,,,,,,,,,214,,,,,,,,,800,,,,,,,,,3214,2210,1364,360,,,
New,CONV,109,2187,,,,850,,,,,,,,,,,,,,,,,,,,,,,,,,,,,850,1458,0,608,,,
New,VT2P,109,1608,,,,,,,,,,,,,,,,,,1000,,,,,,,,,,,,,,,1000,2439,0,1439,,,
New,VT2P,,1605,,,,,,,,1200,,,,,,,,,,,,,,,,,,,,,,,,,1200,1448,0,248,,,
ILOP,VT2P,95,1706,,,,,,,,,,,,,,,500,,,,,,,,,,,,,,,,,,500,,1703,1203,,,
Refuge,IRC/LRE,,2451,,,,,,,,,,,,,,,,,,,,,,,,,,,,,,,,,0,,4,4,,,
New,PWE,115,2262,,,,,,,150,,,,,,,,,200,,,1000,,180,,,,,,,,,,,,1530,2100,0,570,,,
New,CONV,116,2452,,,,,,,,,500,,300,,,,,,,,,,,,,,,,,,,,,,800,1122,0,322,,,
New,CONV,99,2733,,,,700,,,,,,,,,,,,,,,,,,,,,,,,,,250,,,950,1965,0,1015,,,
New,CONV,108,2732,,,,525,,,,,,,,,,,,,,,,,,,,,,,,,,,400,,925,1540,0,615,,,
ILOP/New,CONV,104,2282,,,,1250,,,,,,,,,,,,,,,,,,,800,,,,,,,,,,2050,2280,315,575,,,
New,CONV,113,2516,,,,1000,,,,,,,,,,,100,,,,,,,,300,,,,,,,,,,1400,2088,0,688,,,
ILOP,VT2P/ASR,98,2166,,,,,,,,,,,,,,,,,,,,,,,,,,,,,,,,,0,,2106,2106,,,
New,V,111,2308,240,,,1600,,,,,,,,,,,,,,,,,,,500,600,,3750,,,,,,,6690,7473,0,783,,,
Refuge,IRC/LRE,,2462,,,,,,,,,,,,,,,,,,,,,,,,,,,,,,,,,0,,7,7,,,
New,SS/ASR/RHS,88,2828,,,,,,,,,,,,,,,2000,,,,,,,,,,,,,,,,,,2000,,,-2000,,,
New,VT2P/RHS/ASR,114,2415,,,,,,,,,,,,,,,,,,,,,,,3628,,3000,,,,,,,,6628,7429,0,801,,,
ILOP,VT2P/RHS/ASR,114,1720,,,,,,,50,,,,,,,,,,,,1208,,,,,,,,,,,,,,1258,0,2032,774,,,
New,VT2P/RHS/ASR,112,2440,,,,1000,,,,,,,,,,,,,,,,,,,,,,,,,,,,,1000,1795,0,795,,,
New,CONV,114,2519,,,,,,,200,,,,,,,,,,,,,,,,,,,,,,,,,,200,1081,0,881,,,
New,VT4P,112,2744,,,,,,,,,,,200,,,,200,,,,,,,,1000,,,,150,,,,,,1550,2516,0,966,,,
New,VT2P/RHS/ASR,115,2438,,,,,,,,,0,100,,,,,75,,,,,,,,750,,,,,,,,,,925,2159,0,1234,,,
New,PWE,108,2417,,,,600,,,1,,,,,,,,,,,,,,,,,,,,,,,,400,,1001,2230,0,1229,,,
ILOP,VT2P,107,1820,,,,,,,,,,,,,,,,,,,,,,,,,,,,,,,,,0,,533,533,,,
ILOP,CONV,109,2086,,,,,,,,,,,,,,,,,,,,,,,,,,,,,,,,,0,,330,330,,,
New,VT4P,106,2735,,,,,,,,,,,,,,,,,,,,,,,300,,,,,,,,,,300,1238,0,938,,,
New,VT2P/RHS/ASR,,2470,,,,,,,,,350,,,,250,,100,,,,,,,1000,,,,,,,,,,,1700,2200,0,500,,,
New,CONV/ASR,113,1864,,,,,,,,,,,,,,,400,,,,,,,,400,,,,,,,,,,800,1650,0,850,,,
New,AA,89,2204,,,,1220,200,,,,,,,,,,,,,,,,,,,,,,,,,,,,1420,1958,0,538,,,
New,CONV,98,2769,120,,,,,,,,,,,,,,,,,,,,100,,,,,,,,,,100,,320,888,0,568,,,
New,DV,104,2758,,,,500,,400,,,,,,,,,,,,,,,,,,100,,1,,,,,50,,1051,2492,0,1441,,,
New,CONV,106,2314,,,1000,,,,,,,,,,,,,,,,,,,,3250,,,,,,,,,,4250,5292,0,1042,,,
ILOP,VT2P,115,2522,,,,,,,,,,,,,,,,,,,750,,,,,,,,,,,,,,750,0,710,-40,,,
New,PWE,114,2307,,,,,,,250,,,,,,,,,,,,6000,,,,,,,,,,,,,,6250,7441,0,1191,,,
New,TRE/ASR/RHS,115,2177,700,,,800,,,,,,,,,,,,,,,,,,,,,,,,,,,,,1500,2218,0,718,,,
ILOP,SS/ASR/RHS,110,2334,,,,,,,,,,,,,,,500,,,,,,,,,,,,150,,,,,,650,,718,68,,,
ILOP,PWE,110,2487,900,,,,,,,,,,,,,,,310,,,,,,,,,,,,,,,,,1210,0,1529,319,,,
ILOP,VT2P/RHS/ASR,111,2622,,,,,,,,,,,,,,,600,,,,,,,,,,,,,,,,,,600,,777,177,,,
New,CONV,89,2061,,,,1670,,,,,,,,,,,,,,,,,,,,,,,,,,,,,1670,2157,0,487,,,
New,D,102,2761,,,,200,,,,,,,,,,,,,,,,,180,,,,,,,,,,,,380,2691,0,2311,,,
New,D,108,2753,,,,1500,,,,,,,,,,,,,,,,,,,,350,,,,,,,,,1850,2926,0,1076,,,
New,DV,111,2746,,,,,,,,,,,,,,,,,,,,,,,600,200,,,,,,,75,,875,1598,0,723,,,
ILOP,DV,116,2182,,,,,,,,,,,,,,,600,,,,,,,,,,,,,,,,,,600,,600,0,,,
New,CONV,110,2439,,,1200,1200,,,,,,,,,,,,,,,,,,,3000,,,,,,,,,,5400,5965,0,565,,,
ILOP,VT2P/DG,113,1722,,,,,,,,,,,,,,,,,580,,,,,,,,,,,,,,,,580,,441,-139,,,
ILOP,VT2P,110,2078,,,,,,,,,,,,,,,,,,,,,,,,,,,,,,,,,0,,319,319,,,
ILOP/New,PWE,113,2411,,,,1000,,,50,,,,,,,,,,,,,,180,,300,,,,,,,,,,1530,2610,26,1106,,,
ILOP,GT/LL,,2492,,,,,,,,,,,,,,,,,,,,,,,,,,500,,,,,,,500,,2499,1999,,,
ILOP,VT2P/RHS/ASR,111,2469,,,,,,,,,,,,,,,,,,,,,,,,,,,,,,,,,0,,810,810,,,
ILOP,TRE/ASR/RHS,111,2079,,,,,,,,,,,,,,,,,,,,,,,,,,,,,,,,,0,,707,707,,,
New,PWE,110,2443,,600,,,,,400,,,,,,,,,,,,,,,,2830,,,,,,,,,,3830,4620,0,790,,,
ILOP,D,108,1861,,,,,,,,,,,,,,,,300,,,,,,,,,,,,,,,,,300,,1203,903,,,
ILOP,DV,109,2208,,,,,,,,,,,,241,,,,,,,,,,,,,,,,,,,,,241,,241,0,,,
ILOP/New,PWE,111,2218,900,,,500,,,300,,,,,,,,,,,,,,,,1150,,,,,,,,,,2850,3519,553,1222,,,
New,CONV,110,2493,,,,,,,,,,,,,,,,,,,,,,,600,,,,,,,,,,600,1436,0,836,,,
New,VT2P/RHS/ASR,108,2681,,,,,,,,,,,,,,,,,,700,,,,,500,,,,,,,,,,1200,3037,0,1837,,,
New,TRE/ASR/RHS,112,1806,,,,,,,,,,,,,,,,,,,,,,,,,,2000,,,,,,,2000,3030,0,1030,,,
New,GT,95,2468,,,,1325,250,,,,,,,400,,,,,,,,,,,,,,,,,,,,,1975,3058,0,1083,,,
ILOP,SS/ASR/RHS,114,2185,,,,,,,,,,,,,,,,,,,,,,,,,,,150,,,,,,150,,1145,995,,,
ILOP,SS/ASR/RHS,112,1811,,,,,,,100,,,,,,,,,,,,,,,,,,,,,,,,,,100,,419,319,,,
ILOP,PWE,,2613,,,,,100,,,,,,,,,,,,,,,,,,,,,,,,,,,,100,0,250,150,,,
ILOP,SS/ASR,113,1518,,,,,,,60,,,,,,,,,,,,,,,,,,,,,,,,,,60,,268,208,,,
ILOP,GT/LL,101,3020,,,,,,,,,,,,,,,,,,,,,,,,,,,,,,,,,0,,41,41,,,
ILOP,CONV,114,2284,,,,,,,,,,,,,,,,,,,,,,,,,,,,,,,,,0,,364,404,,,
ILOP,PWE,114,2280,,,,,,,,,,,,,,,,,,,,,,,,,,,,,,,,,0,0,826,826,,,
New,V,102,2710,,,,,200,,,,,,,,,,400,,,,,,240,,,,,,,,,400,,,1240,2765,0,1525,,,
New,D,89,2058,,,,1850,,,,,,,,,,,,,,,,,,750,,,,,,,,,,,2600,3194,0,594,,,
ILOP,SS,116,2615,,,,,,,,,,,,,,,,,,,,,,,,,,,,,,,,,0,,0,0,,,
ILOP,CONV,,2606,,,,,,,,,,,,,,,,,,,,,,,,,,,,,,,,,0,,198,198,,,
ILOP,VT2P/DG/ASR,112,2605,,,,,,,,,,,,,,,,,,,,,,,,,,,,,,,,,0,,328,328,,,
ILOP,SS/ASR/RHS,116,2520,,,,,,,,,,,,,,,,,,,,,,,,,,,,,,,,,0,,95,95,,,
Refuge/New,RR2/ASR,115,1825,,,,,,,,,,,,,,,,,,,,,,700,,,,,,,,,,2500,3200,3738,1128,1666,,,
ILOP/New,TRE/ASR/RHS,113,2068,,,,,,,,,1700,,,,,,,,,,4500,,,,120,,1600,,,,,,,,7920,7645,996,721,,,
ILOP,GT/LL,,2490,,,,,,,,,,,,,,,,,,,,,,,,,,,,,,,,,0,,115,115,,,
ILOP,GT/LL,,2489,,,,,,,,,,,,,,,,,,,,,,,,,,,,,,,,,0,,42,42,,,
ILOP,GT/LL,,2488,,,,,,,,,,,,,,,,,,,,,,,,,,,,,,,,,0,,57,57,,,
ILOP,VT2P/RHS/ASR,,2484,,,,,,,,,,,,,,,,,,,,,,,,,,,,,,,,,0,,890,890,,,
ILOP,AA,105,2472,,,,,,,,,,,,,,,,,,,,,,,,,,,,,,,,,0,0,633,633,,,
New,TRE/ASR/RHS,115,2694,,,,,,,,,,,,,200,,,,,,,,,,700,,200,,,,,,,,1100,2621,0,1521,,,
New,SS/PRO/RHS,113,2429,,,,,,,,,,,200,,200,,,,400,,,,,,1250,,,,,,,,,,2050,3686,0,1636,,,
New,VT2P/RHS/ASR,115,2480,,,,,,,,,,,,,,,,,,,,600,,,,,,,,,,,,,600,2502,0,1902,,,
New,VT2P/RHS/ASR,119,2545,,,,,,,,,3000,,,,,,800,,,,,,,,,,,,,,,,,,3800,5984,0,2184,,,
New,GT/LL,,2799,,,,,,,,,,,,,,,,,,,,,,,,,,,,,,,,,0,,54,54,,,
New,TRE/ASR/RHS,114,2743,,,,,,,,,200,,1000,,,,,,,,,,,,,,,,,,,,,,1200,3663,0,2463,,,
New,PWE,106,2320,,,5000,,,,,,,,,,,,,,,,,,,,3700,,,,,,,,,2000,10700,11970,0,1270,,,
New,PWE,112,2316,,,3000,600,,,250,,,150,,,,,400,,,,,,,,4200,,,6000,,,,,,,14600,19250,0,4650,,,
ILOP,CONV,112,2333,,,,,,,,,,,,,,,,,,,,,,,,,,,,,,,,,0,,1406,1406,,,
ILOP,VT2P/RHS/ASR,112,2303,,,,,,,,,,,,,,,,,,,,,,,,,,,,,,,,,0,,701,701,,,
ILOP,V,,2298,,,,,,,,,,,,,,,,,,,,,,,,,,,,,,,,,0,,299,299,,,
ILOP,VT2P,117,2290,,,,,,,,,,,,,,,,,,,,,,,,,,,,,,,,,0,,222,222,,,
ILOP,DV,93,2289,,,,,,,,,,,,,,,,,,,,,,,,,,,,,,,,,0,,225,225,,,
ILOP/New,PWE,102,2435,,,,650,,,,,,,,,,,,,,800,,,,,,,,,,,,,,,1450,3600,564,2714,,,
ILOP,SS/ASR/RHS,117,2623,,,,,200,,,,,,,,,,,,,,,,,,,,,,,,,,,,200,,355,155,,,
ILOP,3110 VIP,99,2217,,,,,,,,,,,,,,,,,,,,,,,,,,,,,,,,,0,,2207,2207,,,
ILOP,3010,114,2194,,,,,,,,,,,,,,,,,,,,,,,,,,,,,,,,,0,,560,560,,,
ILOP,DV,115,2193,,,,,,,,,,,,,,,,,,,,,,,,,,,,,,,,,0,,2078,2078,,,
ILOP,DVZ,110,2186,,,,,,,,,,,,,,,,,,,,,,,,,,,,,,,,,0,,1362,1362,,,
ILOP,V,115,2184,,,,,,,,,,,,,,,,,,,,,,,,,,,,,,,,,0,,673,673,,,
ILOP,RR2,117,2083,,,,,,,,,,,,,,,,,,,,,,,,,,,,,,,,,0,,758,758,,,
ILOP/New,GT/LL,,2257,,,,,,,,,,,,,,,,,,,,,600,,,,,,,,,,,,600,3015,696,3111,,,
ILOP,VT2P/ASR,109,2164,,,,,,,,,,,,,,,,,,,,,,,,,,,,,,,,,0,,1405,1405,,,
ILOP,VT2P,105,2163,,,,,,,,,,,,,,,,,,,,,,,,,,,,,,,,,0,,1460,1460,,,
ILOP,GT/LL,93,2156,,,,,,,,,,,,,,,,,,,,,,,,,,,,,,,,,0,,20,20,,,
New,PWE,114,2738,450,,,,,,,,,,,,,,1220,,,,,,,,1130,,,,,,500,,200,,3500,4990,0,1490,,,
New,PWE,110,2311,,,5000,,300,,,,,,,,,,,,,,,,,,,,,,,,,,,,5300,8556,0,3256,,,
New,CONV,112,2455,,,800,,,,150,,,200,,,150,,1100,,,,,,,,700,,,,,,,,,,3100,6889,0,3789,,,
ILOP,RR2,95,2152,,,,,,,,,,,,,,,,,,,,,,,,,,,,,,,,,0,,7,0,,,
ILOP,GT/LL,110,2095,,,,,,,,,,,,,,,,,,,,,,,,,,,,,,,,,0,,25,25,,,
ILOP,VT2P/RHS/ASR,118,2054,,,,,,,,,,,,,,,,,,,,,,,,,,,,,,,,,0,,210,210,,,
ILOP,SS,118,1651,,,,,,,,,,,,,,,,,,,,,,,,,,,,,,,,,0,,220,220,,,
New,PWE,98,2747,120,,,,,,,,,,,,,,,,,,,,,,200,,,,,,,,300,,620,3264,0,2644,,,
Refuge/New,RR2,114,1782,,,,750,,,,8000,1200,,500,,,,,,,,,,,,,,3000,,,,,,500,5000,13950,20595,0,6645,,,
New,PWE,110,2507,,,,,,,,,,,,,,,,,,,,,,,,,,,,,,,,4000,0,4988,0,4988,,,
ILOP,VT2P/DG,99,2073,,,,,,,,,,,,,,,,,,,,,,,,,,,,,,,,,0,,3470,3470,,,
ILOP,VT2P/RHS/ASR,114,2070,,,,,,,,,,,,,,,,,,,,,,,,,,,,,,,,,0,0,683,683,,,
ILOP,VT2P/RHS/ASR,105,2064,,,,,,,,,,,,,,,,,,,,,,,,,,,,,,,,,0,,350,350,,,
ILOP,3110 VIP,,2633,,,,,,,,,,,,,,,,,,,,,,,,,,,,,,,,,0,,293,293,,,
ILOP,GT/LL,115,2037,,,,,,,,,,,,,,,,,,,,,,,,,,,,,,,,,0,,1316,1316,,,
New,TRE/ASR/RHS,112,2422,,,,2000,,,,,350,,,,800,,,,600,,,,,,3500,,,,150,,,,,,7400,12687,0,5287,,,
New,TRE/ASR/RHS,119,2287,,,,,,,,,9000,,1200,,,,,,,,5500,,,13000,,,16550,,,,,,,,45250,42466,0,-2784,,,
ILOP,AA,108,1865,,,,,,,,,,,,,,,,,,,,,,,,,,,,,,,,,0,,1381,1381,,,
ILOP,VZ,110,1857,,,,,,,,,,,,,,,,,,,,,,,,,,,,,,,,,0,,1492,1492,,,
ILOP,CONV/ASR,108,1856,,,,,,,,,,,,,,,,,,,,,,,,,,,,,,,,,0,,0,0,,,
ILOP,VT2P,,2627,,,,,,,,,,,,,,,,,,,,,,,,,,,,,,,,,0,,0,0,,,
ILOP,RR2,103,1817,,,,,,,,,,,,,,,,,,,,,,,,,,,,,,,,,0,,179,179,,,
ILOP,VT2P/DG/ASR,113,1813,,,,,,,,,,,,,,,,,,,,,,,,,,,,,,,,,0,,70,70,,,
ILOP,VT2P/RHS/ASR,104,1812,,,,,,,,,,,,,,,,,,,,,,,,,,,,,,,,,0,,0,0,,,
ILOP,SS/ASR,114,1810,,,,,,,,,,,,,,,,,,,,,,,,,,,,,,,,,0,0,68,68,,,
ILOP,VT2P/RHS/ASR,110,1809,,,,,,,,,,,,,,,,,,,,,,,,,,,,,,,,,0,,1434,1434,,,
ILOP,SS/ASR/RHS,115,1808,,,,,,,,,,,,,,,,,,,,,,,,,,,,,,,,,0,,570,570,,,
ILOP,SS,108,1805,,,,,,,,,,,,,,,,,,,,,,,,,,,,,,,,,0,,416,416,,,
ILOP,GT/LL,109,1792,,,,,,,,,,,,,,,,,,,,,,,,,,,,,,,,,0,,54,54,,,
New,SS/ASR/RHS,108,2063,,,,,,,200,,,,,,,,,,600,,,,,,,,,,,,,,,,800,0,0,-800,,,
ILOP,VT2P/RHS/ASR,,1790,,,,,,,,,,,,,,,,,,,,,,,,,,,,,,,,,0,,881,881,,,
New,PWE,,2200,,,,,,,,,,,400,,,,,,,,,,,,,,,,,,,,,,400,0,26,-374,,,
New,CONV,,376,,,,-400,400,,,,,,,,,,,,,,,,,,,,,,,,,,,,0,0,0,0,,,
ILOP,VT2P,111,1736,,,,,,,,,,,,,,,,,,,,,,,,,,,,,,,,,0,,360,360,,,
ILOP,VT2P,108,1735,,,,,,,,,,,,,,,,,,,,,,,,,,,,,,,,,0,,618,618,,,
ILOP,PWE,,2626,,,,,,,,,,,,,,,,,,,,,,,,,,,,,,,,,0,,362,362,,,
ILOP,SS/ASR/RHS,110,1594,,,,,,,,,,,,,,,,,,,,,,,,,,,,,,,,,0,,132,132,,,
ILOP,CONV/ASR,112,1588,,,,,,,,,,,,,,,,,,,,,,,,,,,,,,,,,0,,74,74,,,
ILOP,CONV,117,1526,,,,,,,,,,,,,,,,,,,,,,,,,,,,,,,,,0,,58,58,,,
ILOP,CONV,112,1525,,,,,,,,,,,,,,,,,,,,,,,,,,,,,,,,,0,,627,627,,,
ILOP,RR2,107,1459,,,,,,,,,,,,,,,,,,,,,,,,,,,,,,,,,0,,164,164,,,
ILOP,VT2P,114,1448,,,,,,,,,,,,,,,,,,,,,,,,,,,,,,,,,0,,3717,3717,,,
New,CONV,111,2276,,,,-180,,,,,,,,,,,,,,,,,180,,,,,,,,,,,,0,0,0,0,,,
ILOP/SE,CONV,,2621,,,,,,,,,,,,,,,,,,,,,,,,,,,,,,,,,0,0,786,786,,,
ILOP,VT2P/DG,114,1345,,,,,,,,,,,,,,,,,,,,,,,,,,,,,,,,,0,,75,75,,,
ILOP,SS,114,1251,,,,,,,,,,,,,,,,,,,,,,,,,,,,,,,,,0,,703,703,,,
ILOP,CONV,114,1250,,,,,,,,,,,,,,,,,,,,,,,,,,,,,,,,,0,,1292,1292,,,
ILOP,RR2,114,1221,,,,,,,,,,,,,,,,,,,,,,,,,,,,,,,,,0,,1475,1475,,,
ILOP,RR2,111,1128,,,,,,,,,,,,,,,,,,,,,,,,,,,,,,,,,0,,6,0,,,
ILOP,RR2,114,1121,,,,,,,,,,,,,,,,,,,,,,,,,,,,,,,,,0,,160,160,,,
ILOP,VT2P,114,1120,,,,,,,,,,,,,,,,,,,,,,,,,,,,,,,,,0,,73,73,,,
ILOP,VT2P/RHS/ASR,,2076,,,,,,,,,,,,,,,,,,,,,,,,,,,,,,,,,0,,669,669,,,
,,,,4630,1800,16000,53069,2450,1000,4111,34700,29760,1050,7200,841,2920,700,14966,1770,4880,4300,44508,600,4500,18250,43038,3901,46350,15502,600,300,900,1425,2575,13500,372707,,,,,,
